{"cameraMode":{"drawMode":0,"name":"Shaded","section":"Shading Mode"},"sceneLighting":true,"audioPlay":false,"sceneViewState":{"showFog":true,"showMaterialUpdate":false,"showSkybox":true,"showFlares":true,"showImageEffects":true,"showParticleSystems":true},"in2DMode":false,"pivot":{"x":4.112588882446289,"y":-4.475160598754883,"z":47.8066291809082},"rotation":{"x":-0.11460508406162262,"y":-0.026815269142389299,"z":0.003095377702265978,"w":-0.993044376373291},"size":66.8188247680664,"orthographic":false}