{"cameraMode":{"drawMode":0,"name":"Shaded","section":"Shading Mode"},"sceneLighting":true,"audioPlay":false,"sceneViewState":{"showFog":true,"showMaterialUpdate":false,"showSkybox":true,"showFlares":true,"showImageEffects":true,"showParticleSystems":true},"in2DMode":false,"pivot":{"x":56.59139633178711,"y":22.959354400634767,"z":9.285717010498047},"rotation":{"x":-0.20997005701065064,"y":0.6549052000045776,"z":-0.19678713381290437,"w":-0.698775053024292},"size":11.544958114624024,"orthographic":false}